id,real_name,tz,start_time,end_time
W012A3CDE,Egon Spengler,America/Los_Angeles,Feb 1 2020  1:33PM,Feb 1 2020 1:54PM
W012A3CDE,Egon Spengler,America/Los_Angeles,Mar 1 2020  11:11AM,Mar 1 2020 2:00PM
W012A3CDE,Egon Spengler,America/Los_Angeles,Mar 16 2020  5:33PM,Mar 16 2020 8:02PM
W07QCRPA4,Glinda Southgood,Asia/Kolkata,Feb 1 2020  1:33PM,Feb 1 2020 1:54PM
W07QCRPA4,Glinda Southgood,Asia/Kolkata,Feb 1 2020  1:33PM,Feb 1 2020 1:54PM
W07QCRPA4,Glinda Southgood,Asia/Kolkata,Feb 1 2020  1:33PM,Feb 1 2020 1:54PM
W07QCRPA4,Glinda Southgood,Asia/Kolkata,Feb 1 2020  1:33PM,Feb 1 2020 1:54PM
W07QCRPA5,sandhya rani,JST,july 1 2020  1:33PM,Feb 1 2020 1:54PM
W07QCRPA5,sandhya rani,JST,july 1 2020  1:33PM,Feb 1 2020 1:54PM
W07QCRPA5,sandhya rani,JST,july 1 2020  1:33PM,Feb 1 2020 1:54PM
W07QCRPA6,nandini ,Singaphore,May 1 2020  1:33PM,Feb 1 2020 1:54PM
W07QCRPA6,nandini ,Singaphore,May 1 2020  1:33PM,Feb 1 2020 1:54PM
W07QCRPA6,nandini ,Singaphore,May 1 2020  1:33PM,Feb 1 2020 1:54PM
W07QCRPA6,nandini ,Singaphore,May 1 2020  1:33PM,Feb 1 2020 1:54PM
W07QCRPA6,nandini ,Singaphore,May 1 2020  1:33PM,Feb 1 2020 1:54PM
W07QCRPA7,keerthi ,Asia/Tokyo,sep 1 2020  1:33PM,Feb 1 2020 1:54PM
W07QCRPA7,keerthi ,Asia/Tokyo,sep 1 2020  1:33PM,Feb 1 2020 1:54PM
W07QCRPA7,keerthi ,Asia/Tokyo,sep 1 2020  1:33PM,Feb 1 2020 1:54PM
W07QCRPA7,keerthi ,Asia/Tokyo,sep 1 2020  1:33PM,Feb 1 2020 1:54PM
W07QCRPA8,divya ,Asia/Kolkata,Feb 1 2020  1:33PM,Feb 1 2020 1:54PM
W07QCRPA8,divya ,Asia/Kolkata,Feb 1 2020  1:33PM,Feb 1 2020 1:54PM
W07QCRPA8,divya ,Asia/Kolkata,Feb 1 2020  1:33PM,Feb 1 2020 1:54PM
W07QCRPA8,divya ,Asia/Kolkata,Feb 1 2020  1:33PM,Feb 1 2020 1:54PM
W07QCRPA9,ramya ,Australia/Adelaide,Feb 1 2020  1:33PM,Feb 1 2020 1:54PM
W07QCRPA9,ramya ,Australia/Adelaide,Feb 1 2020  1:33PM,Feb 1 2020 1:54PM
W07QCRPA9,ramya ,Australia/Adelaide,Feb 1 2020  1:33PM,Feb 1 2020 1:54PM
W07QCRPA9,ramya ,Australia/Adelaide,Feb 1 2020  1:33PM,Feb 1 2020 1:54PM